title,description
task 01,descrição da task 01
task 02,descrição da task 02
task 03,descrição da task 03
task 04,descrição da task 04
task 05,descrição da task 05
task 06,descrição da task 06
task 07,descrição da task 07
task 08,descrição da task 08
task 09,descrição da task 09
task 10,descrição da task 10
task 11,descrição da task 11
task 12,descrição da task 12
task 13,descrição da task 13
task 14,descrição da task 14
task 15,descrição da task 15
task 16,descrição da task 16
task 17,descrição da task 17
task 18,descrição da task 18
task 19,descrição da task 19
task 20,descrição da task 20
task 21,descrição da task 21
task 22,descrição da task 22
task 23,descrição da task 23
task 24,descrição da task 24
task 25,descrição da task 25
task 26,descrição da task 26
task 27,descrição da task 27
task 28,descrição da task 28
task 29,descrição da task 29
task 30,descrição da task 30